{"cameraMode":{"drawMode":0,"name":"Shaded","section":"Shading Mode"},"sceneLighting":false,"audioPlay":false,"sceneViewState":{"m_AlwaysRefresh":false,"showFog":true,"showSkybox":false,"showFlares":true,"showImageEffects":true,"showParticleSystems":true,"showVisualEffectGraphs":true,"m_FxEnabled":true},"in2DMode":false,"pivot":{"x":1.7779372930526734,"y":1.2020186185836793,"z":5.187458515167236},"rotation":{"x":0.044223397970199588,"y":-0.08531022071838379,"z":0.003790416521951556,"w":0.9953686594963074},"size":1.7478773593902588,"orthographic":false}